{"accuracy": [0.6023615002632141, 0.8583398461341858, 0.9096806049346924, 0.9383455514907837, 0.9528842568397522, 0.9619176387786865, 0.9701685905456543, 0.9746496677398682, 0.9773241281509399, 0.9812219738960266], "loss": [1.3210444450378418, 0.4446057975292206, 0.27368584275245667, 0.18873144686222076, 0.14416994154453278, 0.11666739732027054, 0.09265903383493423, 0.07944783568382263, 0.07116811722517014, 0.060138627886772156], "val_accuracy": [0.8199408054351807, 0.8947758078575134, 0.9170271158218384, 0.8865240216255188, 0.9235146641731262, 0.9301161170005798, 0.957773745059967, 0.9405872821807861, 0.9609037041664124, 0.958172082901001], "val_loss": [0.5774629712104797, 0.33555081486701965, 0.259015828371048, 0.3771284520626068, 0.24545595049858093, 0.2274278998374939, 0.14934895932674408, 0.2006925791501999, 0.1418418437242508, 0.14823156595230103]}